Bank,1M,3M,6M,9M,12M,18M,24M,Minimum Amount,Others,代表本周有调整
BOC,1.10%,1.30%,1.35%,1.20%,1.40%,-,-,$500,手机银行,
ICBC,1.15%,1.35%,1.15%,1.05%,1.05%,-,-,$500,电子银行,
SingFinance,1.05%,1.25%,1.25%,-,-,-,-,$10K,fresh funds,
HSBC,0.60%,1.40%,0.75%,-,0.85%,-,-,$30K,personal,
OCBC,-,1.40%,-,-,1.10%,-,-,$20K,Online,
BEA,-,1.35%,-,-,1.30%,-,-,$100K-$2mil,fresh funds,
CIMB,-,1.25%,1.30%,1.10%,1.30%,-,-,$10K,personal,
RHB,-,1.20%,1.20%,-,1.25%,-,-,$20K,personal,
HLB,-,-,1.50%,-,1.30%,-,-,$100K,,
Maybank,-,-,1.30%,1.32%,1.32%,-,-,$20K,Deposit bundle,
HLF,-,-,1.25%,1.20%,1.20%,-,-,$50K,Online,
UOB,-,-,1.20%,1.00%,-,-,-,$10K,fresh funds,
SCB,-,-,-,1.10%,-,-,-,$25K,fresh funds,
DBS,-,0.15%,0.80%,1.00%,1.00%,-,-,挂牌利率,,
CITI,-,1.25%,1.15%,-,-,-,-,$10K-$5mil,新资金,
SBI,-,-,1.15%,-,0.80%,-,-,$50K-$1mil,按挂牌利率续存,
